City_ID,City,Lat,Lng,Max Temp,Humidity,Cloudiness,Wind Speed,Country,Date
0,naze,28.3667,129.4833,67.12,88,97,14.07,JP,1670205341
1,zaozerne,45.1582,33.2787,36.73,82,57,24.27,UA,1670205342
2,atuona,-9.8,-139.0333,77.61,79,18,19.28,PF,1670205342
3,gravdal,68.1214,13.5031,43.45,85,100,26.6,NO,1670205342
4,bluff,-46.6,168.3333,50.81,67,100,2.71,NZ,1670205277
5,rikitea,-23.1203,-134.9692,75.54,81,89,11.59,PF,1670205315
6,ushuaia,-54.8,-68.3,44.26,65,40,13.8,AR,1670205191
7,evanton,57.6638,-4.34,38.73,89,35,1.9,GB,1670205343
8,hermanus,-34.4187,19.2345,57.7,76,14,4.09,ZA,1670205316
9,rosa zarate,0.3333,-79.4667,72.43,82,16,2.19,EC,1670205344
10,puerto ayora,-0.7393,-90.3518,70.56,89,56,4.0,EC,1670205344
11,nikolskoye,59.7035,30.7861,24.69,94,100,7.56,RU,1670205345
12,saskylakh,71.9167,114.0833,-10.32,96,100,14.65,RU,1670205345
13,cam ranh,11.9214,109.1591,84.16,74,40,9.22,VN,1670205346
14,port alfred,-33.5906,26.891,64.18,89,100,1.01,ZA,1670205304
15,hobart,-42.8794,147.3294,54.27,92,75,25.32,AU,1670205268
16,butaritari,3.0707,172.7902,80.64,79,55,10.54,KI,1670205346
17,khatanga,71.9667,102.5,0.1,98,100,3.83,RU,1670205311
18,maragogi,-9.0122,-35.2225,75.54,87,15,10.13,BR,1670205347
19,road town,18.4167,-64.6167,77.04,73,20,5.75,VG,1670205348
20,kapaa,22.0752,-159.319,78.78,77,17,5.99,US,1670205284
21,albanel,48.8832,-72.4487,19.54,79,100,8.05,CA,1670205348
22,belaya gora,68.5333,146.4167,-31.63,99,99,3.44,RU,1670205180
23,kodiak,57.79,-152.4072,38.71,87,75,8.05,US,1670205349
24,jamestown,42.097,-79.2353,31.71,62,0,11.5,US,1670205258
25,qaanaaq,77.484,-69.3632,1.42,69,100,8.63,GL,1670205344
26,sept-iles,50.2001,-66.3821,18.12,72,20,10.36,CA,1670205349
27,aksay,47.26,39.87,23.25,33,39,18.99,RU,1670205350
28,nanchong,30.7951,106.0847,47.95,78,90,1.68,CN,1670205350
29,sokoni,-6.4333,39.55,76.86,77,25,5.57,TZ,1670205351
30,atikokan,48.7555,-91.6216,20.71,91,100,10.49,CA,1670205351
31,callaway,30.153,-85.5699,66.99,90,58,1.01,US,1670205351
32,castro,-24.7911,-50.0119,64.8,97,100,3.18,BR,1670205273
33,yellowknife,62.456,-114.3525,-5.28,65,100,10.36,CA,1670205320
34,halifax,44.6453,-63.5724,35.6,70,23,9.22,CA,1670205100
35,bambous virieux,-20.3428,57.7575,76.21,78,40,8.05,MU,1670205352
36,kavieng,-2.5744,150.7967,81.36,72,100,6.46,PG,1670205353
37,phan thiet,10.9333,108.1,81.19,73,97,6.53,VN,1670205353
38,busselton,-33.65,115.3333,68.07,57,100,7.81,AU,1670205354
39,bentiu,9.2333,29.8333,76.14,37,62,4.88,SS,1670205354
40,port elizabeth,-33.918,25.5701,61.09,97,100,10.36,ZA,1670205354
41,saint george,37.1041,-113.5841,56.95,55,0,3.44,US,1670205281
42,quatre cocos,-20.2078,57.7625,76.08,75,92,14.05,MU,1670205355
43,qaqortoq,60.7167,-46.0333,21.56,65,100,7.78,GL,1670205355
44,hithadhoo,-0.6,73.0833,81.45,76,100,9.28,MV,1670205078
45,adrar,20.5022,-10.0711,69.89,23,2,3.94,MR,1670205319
46,labuhan,-6.8844,112.2051,83.68,74,98,5.68,ID,1670205356
47,bayir,37.2687,28.2167,41.52,86,0,3.62,TR,1670205357
48,ardee,53.8597,-6.5406,45.82,81,99,13.09,IE,1670205357
49,thiers,45.8333,3.5,34.12,95,34,4.05,FR,1670205357
50,port-gentil,-0.7193,8.7815,79.39,84,100,10.02,GA,1670205070
51,mataura,-46.1927,168.8643,50.49,59,100,3.76,NZ,1670205358
52,faanui,-16.4833,-151.75,80.51,69,3,13.94,PF,1670205358
53,cabo san lucas,22.8909,-109.9124,79.52,74,100,4.99,MX,1670205312
54,broome,42.2506,-75.833,32.63,69,0,5.99,US,1670205359
55,hilo,19.7297,-155.09,77.25,89,59,4.0,US,1670205291
56,punta arenas,-53.15,-70.9167,42.91,75,20,19.57,CL,1670205278
57,klaksvik,62.2266,-6.589,40.12,76,96,15.5,FO,1670205360
58,bengkulu,-3.8004,102.2655,77.27,81,100,2.08,ID,1670205360
59,mount gambier,-37.8333,140.7667,58.78,61,99,12.64,AU,1670205361
60,thompson,55.7435,-97.8558,-20.04,76,40,8.05,CA,1670205361
61,palmer,42.1584,-72.3287,30.85,67,0,2.62,US,1670205361
62,yulara,-25.2406,130.9889,98.89,10,51,14.58,AU,1670205359
63,albany,42.6001,-73.9662,31.23,76,1,4.34,US,1670205148
64,tasiilaq,65.6145,-37.6368,19.44,66,86,2.86,GL,1670205362
65,cape town,-33.9258,18.4232,62.28,66,0,12.66,ZA,1670205114
66,pisco,-13.7,-76.2167,67.01,82,0,10.36,PE,1670205363
67,wuwei,37.9281,102.6414,26.22,51,0,0.76,CN,1670205363
68,victoria,22.2855,114.1577,66.25,77,100,17.0,HK,1670205352
69,ilulissat,69.2167,-51.1,34.07,77,100,6.69,GL,1670205364
70,byron bay,-28.65,153.6167,80.71,62,3,9.51,AU,1670205364
71,lavrentiya,65.5833,-171.0,32.41,98,100,36.91,RU,1670205365
72,dunedin,-45.8742,170.5036,55.8,74,97,6.62,NZ,1670205291
73,sao felix do xingu,-6.6447,-51.995,70.75,95,99,2.04,BR,1670205366
74,vredendal,-31.6683,18.5012,54.72,91,0,7.11,ZA,1670205366
75,tabalosos,-6.35,-76.6833,64.6,88,96,2.55,PE,1670205366
76,mar del plata,-38.0023,-57.5575,64.42,90,0,6.91,AR,1670205159
77,praya,14.9215,-23.5087,68.54,73,20,5.75,CV,1670205175
78,kununurra,-15.7667,128.7333,94.98,49,53,5.75,AU,1670205086
79,carnarvon,-24.8667,113.6333,75.0,63,5,13.58,AU,1670205368
80,churapcha,62.0025,132.4325,-18.24,97,100,7.7,RU,1670205368
81,upernavik,72.7868,-56.1549,24.91,69,100,9.17,GL,1670205147
82,avarua,-21.2078,-159.775,82.45,83,75,5.75,CK,1670205368
83,dire,12.2833,-10.9667,77.11,61,100,1.16,ML,1670205369
84,simplicio mendes,-7.8539,-41.9103,75.92,61,21,8.03,BR,1670205369
85,tilichiki,60.4667,166.1,7.16,82,100,13.27,RU,1670205370
86,tiksi,71.6872,128.8694,-10.59,96,100,11.97,RU,1670205370
87,chokurdakh,70.6333,147.9167,-39.87,100,96,4.23,RU,1670205371
88,tanete,-3.9443,119.7848,86.16,69,72,1.41,ID,1670205371
89,cap malheureux,-19.9842,57.6142,76.46,70,85,8.01,MU,1670205109
90,makat,47.6469,53.3463,16.83,47,14,7.85,KZ,1670205372
91,cartagena,10.3997,-75.5144,78.42,83,0,4.61,CO,1670205372
92,hay river,60.8156,-115.7999,3.18,72,75,12.66,CA,1670205373
93,maldonado,-34.6667,-54.9167,67.39,93,0,6.11,UY,1670205129
94,lebu,-37.6167,-73.65,55.67,88,1,11.45,CL,1670205076
95,le port,-20.9373,55.2919,75.16,61,20,4.34,RE,1670205331
96,kulhudhuffushi,6.6221,73.07,79.05,77,100,3.06,MV,1670205374
97,vaini,-21.2,-175.2,78.96,94,75,12.66,TO,1670205374
98,chino valley,34.7575,-112.4538,51.96,83,61,6.06,US,1670205374
99,geraldton,-28.7667,114.6,75.61,53,0,12.66,AU,1670205375
100,georgetown,5.4112,100.3354,83.89,86,20,5.01,MY,1670205364
101,east london,-33.0153,27.9116,68.11,93,100,15.7,ZA,1670205356
102,locri,38.2414,16.2623,57.43,67,0,3.67,IT,1670205376
103,pidhorodne,48.5753,35.1068,19.63,55,4,13.18,UA,1670205376
104,praia,14.9215,-23.5087,68.54,73,20,5.75,CV,1670205377
105,manokwari,-0.8667,134.0833,80.1,82,100,2.71,ID,1670205377
106,san quintin,30.4833,-115.95,61.45,86,100,10.49,MX,1670205378
107,oussouye,12.485,-16.5469,73.2,76,100,7.65,SN,1670205378
108,salalah,17.0151,54.0924,71.6,72,0,3.78,OM,1670205379
109,beyneu,45.3167,55.2,15.49,53,0,4.21,KZ,1670205379
110,zhuanghe,39.7008,122.9911,27.54,41,0,5.84,CN,1670205379
111,mizdah,31.4451,12.9801,58.53,31,0,4.97,LY,1670205380
112,werda,-25.2667,23.2833,78.22,20,97,11.77,BW,1670205380
113,gimbi,9.1667,35.8333,54.23,61,27,2.68,ET,1670205381
114,whitehorse,60.7161,-135.0538,17.1,92,75,2.3,CA,1670205255
115,airai,-8.9266,125.4092,77.63,34,96,1.61,TL,1670205381
116,beitbridge,-22.2167,30.0,77.68,63,1,6.49,ZW,1670205382
117,zhezkazgan,47.8043,67.7144,-0.29,90,6,5.01,KZ,1670205382
118,barrow,71.2906,-156.7887,21.22,86,100,27.63,US,1670205383
119,clyde river,70.4692,-68.5914,5.23,85,100,25.32,CA,1670205383
120,waddan,29.1614,16.139,64.98,27,4,4.81,LY,1670205384
121,nelson bay,-32.7167,152.15,82.45,67,1,14.0,AU,1670205384
122,provideniya,64.3833,-173.3,32.36,93,100,25.01,RU,1670205367
123,katsuura,35.1333,140.3,54.37,83,100,19.6,JP,1670205371
124,luanda,-8.8368,13.2343,76.06,83,100,5.59,AO,1670205385
125,kalmunai,7.4167,81.8167,76.84,88,100,5.35,LK,1670205385
126,kiruna,67.8557,20.2251,18.52,86,100,10.36,SE,1670205386
127,namibe,-15.1961,12.1522,69.49,82,100,3.18,AO,1670205386
128,havelock,34.8791,-76.9013,48.18,79,100,3.0,US,1670205386
129,ponta do sol,32.6667,-17.1,63.72,75,99,20.54,PT,1670205387
130,iqaluit,63.7506,-68.5145,28.13,100,100,0.0,CA,1670205356
131,mehamn,71.0357,27.8492,22.91,79,35,16.11,NO,1670205124
132,batagay,67.6333,134.6333,-15.93,98,100,3.58,RU,1670205388
133,caborca,30.5838,-111.101,64.09,68,100,3.18,MX,1670205388
134,new norfolk,-42.7826,147.0587,53.92,65,100,5.01,AU,1670205388
135,bac lieu,9.285,105.7244,81.37,84,98,18.32,VN,1670205389
136,bredasdorp,-34.5322,20.0403,55.24,76,14,3.8,ZA,1670205389
137,wanlaweyn,2.6185,44.8938,74.12,84,37,8.03,SO,1670205390
138,vestmanna,62.1564,-7.1664,38.32,81,92,2.3,FO,1670205390
139,mount isa,-20.7333,139.5,94.77,15,40,6.91,AU,1670205390
140,beloha,-25.1667,45.05,72.81,91,70,2.48,MG,1670205391
141,khani,41.9563,42.9566,38.77,85,100,5.48,GE,1670205391
142,te anau,-45.4167,167.7167,63.95,50,95,8.84,NZ,1670205124
143,san juan,-31.5375,-68.5364,85.01,26,17,5.53,AR,1670205392
144,portobelo,9.55,-79.65,77.11,84,100,9.33,PA,1670205392
145,chuy,-33.6971,-53.4616,63.82,95,0,5.44,UY,1670205357
146,isangel,-19.55,169.2667,89.71,70,98,9.22,VU,1670205393
147,komsomolskiy,40.4272,71.7189,32.72,86,75,9.22,UZ,1670205392
148,longyearbyen,78.2186,15.6401,30.04,93,100,25.32,SJ,1670205394
149,derzhavinsk,51.1,66.3167,3.43,95,100,7.02,KZ,1670205394
150,shache,38.4167,77.2406,28.71,35,100,1.66,CN,1670205394
151,abu samrah,35.3029,37.1841,52.03,70,0,0.92,SY,1670205395
152,ribeira grande,38.5167,-28.7,61.77,75,34,14.0,PT,1670205395
153,souillac,-20.5167,57.5167,75.58,78,40,8.05,MU,1670205396
154,eureka,40.8021,-124.1637,49.19,92,100,5.01,US,1670205396
155,loa janan,-0.583,117.095,80.58,85,100,1.25,ID,1670205396
156,kampot,10.6167,104.1833,82.45,84,53,8.01,KH,1670205397
157,eyl,7.9803,49.8164,73.33,75,37,15.14,SO,1670205397
158,aviles,43.5547,-5.9248,46.92,75,100,3.44,ES,1670205398
159,catalina foothills,32.2979,-110.9187,62.74,93,100,1.01,US,1670205398
160,winona,43.9666,-91.7668,31.78,55,0,9.22,US,1670205398
161,matara,5.9485,80.5353,75.92,88,100,2.64,LK,1670205221
162,san andres,12.5847,-81.7006,82.42,74,40,13.8,CO,1670205399
163,dalbandin,28.8947,64.4101,51.64,35,0,4.21,PK,1670205400
164,nsanje,-16.92,35.262,74.73,86,6,3.78,MW,1670205400
165,roma,43.2128,-75.4557,33.08,78,32,4.25,US,1670205340
166,dzhebariki-khaya,62.2167,135.8,-19.34,97,100,1.92,RU,1670205401
167,begoro,6.3871,-0.3774,70.39,94,48,3.04,GH,1670205401
168,lagoa,39.05,-27.9833,59.68,67,62,9.17,PT,1670205401
169,larsnes,62.2028,5.5773,40.44,75,100,7.31,NO,1670205402
170,novominskaya,46.3163,38.9586,22.5,72,53,19.71,RU,1670205403
171,pandan,14.0453,124.1694,80.78,88,100,11.52,PH,1670205403
172,goundi,9.3627,17.366,72.21,19,2,3.94,TD,1670205403
173,mocuba,-16.8392,36.9856,75.06,75,42,2.68,MZ,1670205404
174,skibbereen,51.55,-9.2667,45.1,84,98,19.01,IE,1670205404
175,matinhos,-25.8175,-48.5428,74.14,96,100,4.52,BR,1670205405
176,saint-pierre,-21.3393,55.4781,73.9,53,0,6.91,RE,1670205405
177,ostrovnoy,68.0531,39.5131,23.22,89,100,16.49,RU,1670205405
178,codrington,-38.2667,141.9667,57.38,68,100,18.43,AU,1670205406
179,arraial do cabo,-22.9661,-42.0278,72.9,89,100,28.5,BR,1670205406
180,newport,51.5877,-2.9984,41.11,77,100,15.1,GB,1670205407
181,lulea,65.5842,22.1547,19.47,93,100,5.75,SE,1670205278
182,mbalmayo,3.5167,11.5,71.92,98,77,2.89,CM,1670205407
183,nanortalik,60.1432,-45.2371,31.93,79,100,7.99,GL,1670205408
184,lac du bonnet,50.2536,-96.0612,25.16,90,100,12.15,CA,1670205408
185,vanavara,60.34,102.2797,7.61,89,100,11.32,RU,1670205386
186,lourdes,43.1,-0.05,32.52,93,75,5.75,FR,1670205117
187,outlook,51.5001,-107.0513,17.67,79,99,15.55,CA,1670205409
188,aykhal,66.0,111.5,-12.98,97,100,20.27,RU,1670205409
189,kahului,20.8947,-156.47,79.97,75,100,10.0,US,1670205410
190,santiago de chuco,-8.15,-78.1833,50.25,62,53,3.96,PE,1670205410
191,la presa,32.7081,-116.9973,63.48,78,40,5.75,US,1670205410
192,emet,39.343,29.2585,38.91,92,18,1.95,TR,1670205411
193,constitucion,-35.3333,-72.4167,55.71,82,0,12.91,CL,1670205411
194,bahia honda,22.9036,-83.1592,73.0,78,8,10.54,CU,1670205412
195,saint-joseph,-21.3667,55.6167,71.98,81,13,7.87,RE,1670205412
196,pinega,64.7001,43.3936,12.24,91,99,7.49,RU,1670205412
197,ahipara,-35.1667,173.1667,67.69,58,1,5.03,NZ,1670205413
198,bam,29.106,58.357,50.95,42,29,5.03,IR,1670205413
199,ucluelet,48.9329,-125.5528,36.09,85,100,5.08,CA,1670205414
200,kutum,14.2,24.6667,59.27,30,50,8.41,SD,1670205414
201,dingle,10.9995,122.6711,77.41,92,100,7.92,PH,1670205415
202,kruisfontein,-34.0033,24.7314,56.88,86,97,7.7,ZA,1670205415
203,luwuk,-0.9516,122.7875,84.33,74,100,1.97,ID,1670205415
204,mayskiy,47.6931,40.1025,13.41,61,9,15.12,RU,1670205416
205,aklavik,68.2191,-135.0107,-12.17,96,57,9.33,CA,1670205416
206,zhuhai,22.2769,113.5678,60.58,82,40,24.16,CN,1670205417
207,gazanjyk,39.2446,55.5154,24.64,56,6,9.46,TM,1670205417
208,rapid valley,44.0625,-103.1463,41.45,34,100,8.99,US,1670205331
209,macau,22.2006,113.5461,60.6,82,40,24.16,MO,1670205125
210,tuktoyaktuk,69.4541,-133.0374,-16.6,76,20,16.11,CA,1670205418
211,asau,46.4333,26.4,27.52,98,100,3.71,RO,1670205418
212,bardejov,49.2918,21.2727,36.41,96,99,5.41,SK,1670205418
213,afsin,38.2477,36.914,37.6,71,11,1.57,TR,1670205419
214,bethel,41.3712,-73.414,34.63,72,0,1.86,US,1670205419
215,hanmer springs,-42.5167,172.8167,70.63,41,6,4.74,NZ,1670205420
216,mahebourg,-20.4081,57.7,76.24,78,40,8.05,MU,1670205387
217,comodoro rivadavia,-45.8667,-67.5,69.66,32,0,18.41,AR,1670205420
218,alofi,-19.0595,-169.9187,85.89,70,69,8.05,NU,1670205276
219,livingston,55.9029,-3.5226,41.36,86,100,8.05,GB,1670205153
220,emerald,-23.5333,148.1667,86.34,36,0,6.15,AU,1670205421
221,sitka,57.0531,-135.33,33.84,75,13,4.05,US,1670205421
222,pallasovka,50.05,46.8833,13.69,66,15,6.49,RU,1670205422
223,sistranda,63.7256,8.834,31.96,74,100,21.41,NO,1670205422
224,sorong,-0.8833,131.25,81.09,80,100,7.11,ID,1670205422
225,gorom-gorom,14.4439,-0.2361,79.47,23,72,8.52,BF,1670205423
226,marsabit,2.3284,37.9899,64.09,78,58,10.25,KE,1670205424
227,fortuna,40.5982,-124.1573,48.92,93,100,14.97,US,1670205360
228,tukan,53.8409,57.4552,-0.51,98,99,3.02,RU,1670205424
229,mount darwin,-16.7725,31.5838,71.73,65,74,6.49,ZW,1670205425
230,ankang,32.68,109.0172,42.1,47,0,1.07,CN,1670205425
231,candolim,15.5181,73.7626,78.8,73,40,6.91,IN,1670205426
232,cabadiangan,9.7531,122.4739,78.84,86,100,6.62,PH,1670205426
233,obo,5.3998,26.4869,71.98,46,23,4.05,CF,1670205426
234,kenai,60.5544,-151.2583,27.14,95,40,0.0,US,1670205427
235,karratha,-20.7377,116.8463,96.8,24,7,9.44,AU,1670205427
236,mundybash,53.211,87.2983,-1.08,96,100,2.42,RU,1670205428
237,talakan,50.3167,130.3667,-7.85,90,53,4.09,RU,1670205428
238,cururupu,-1.8283,-44.8683,74.86,92,100,3.98,BR,1670205428
239,marica,-22.9194,-42.8186,80.51,88,100,8.21,BR,1670205429
240,opuwo,-18.0607,13.84,67.41,43,31,4.92,NA,1670205429
241,izumo,35.3667,132.7667,49.95,76,75,12.66,JP,1670205408
242,casablanca,33.5928,-7.6192,64.33,72,100,5.99,MA,1670205399
243,tigre,-34.426,-58.5796,78.8,68,0,10.36,AR,1670205430
244,doha,25.2867,51.5333,73.38,70,0,3.44,QA,1670205208
245,kobayashi,31.9833,130.9833,51.3,95,100,0.02,JP,1670205431
246,dikson,73.5069,80.5464,29.01,87,100,19.82,RU,1670205386
247,kalat,29.0225,66.5916,37.83,43,0,1.66,PK,1670205431
248,yokadouma,3.5167,15.05,69.44,81,27,1.12,CM,1670205432
249,iquitos,-3.7481,-73.2472,77.04,83,20,0.0,PE,1670205432
250,fairbanks,64.8378,-147.7164,18.09,92,20,0.0,US,1670205433
251,boras,57.721,12.9401,34.83,86,80,8.66,SE,1670205433
252,ugoofaaru,5.6667,73.0,79.18,79,100,9.53,MV,1670205434
253,rocha,-34.4833,-54.3333,59.52,95,0,4.25,UY,1670205434
254,yumen,40.2833,97.2,13.06,81,17,6.93,CN,1670205434
255,pevek,69.7008,170.3133,0.52,73,100,9.51,RU,1670205435
256,beringovskiy,63.05,179.3167,6.64,82,83,8.59,RU,1670205435
257,portree,57.4129,-6.1942,37.53,87,5,7.52,GB,1670205436
258,maple creek,49.9168,-109.4848,21.61,79,59,5.75,CA,1670205436
259,nargana,9.4428,-78.5906,78.89,82,100,9.66,PA,1670205437
260,santa rosa,14.3122,121.1114,85.1,80,100,11.81,PH,1670205436
261,shestakovo,56.4915,103.96,4.12,91,100,10.92,RU,1670205437
262,huarmey,-10.0681,-78.1522,66.67,82,0,6.11,PE,1670205438
263,sembe,1.6481,14.5806,72.73,88,100,2.06,CG,1670205438
264,sotouboua,8.5667,0.9833,75.58,61,10,2.17,TG,1670205439
265,colares,38.7992,-9.4469,55.76,89,100,8.01,PT,1670205439
266,port blair,11.6667,92.75,82.44,83,75,8.05,IN,1670205341
267,dalby,-27.1833,151.2667,85.98,29,0,1.99,AU,1670205440
268,bonavista,48.6499,-53.1147,37.71,83,94,27.2,CA,1670205440
269,yar-sale,66.8333,70.8333,18.55,88,100,11.63,RU,1670205441
270,chingirlau,51.095,54.0814,13.44,91,100,12.03,KZ,1670205441
271,rafai,4.95,23.9167,70.48,55,95,1.3,CF,1670205441
272,haicheng,40.8516,122.7475,23.68,48,0,0.2,CN,1670205442
273,nevers,46.9167,3.3333,38.41,96,100,3.04,FR,1670205442
274,oranjemund,-28.55,16.4333,59.4,86,57,8.01,NA,1670205443
275,saldanha,-33.0117,17.9442,55.45,80,0,14.94,ZA,1670205401
276,hobyo,5.3505,48.5268,79.57,68,93,17.92,SO,1670205443
277,lake charles,30.2131,-93.2044,63.01,94,100,6.91,US,1670205269
278,porbandar,21.6422,69.6093,69.31,41,0,11.97,IN,1670205444
279,husavik,66.0449,-17.3389,33.49,71,92,6.91,IS,1670205415
280,san cristobal,7.7669,-72.225,68.18,98,100,3.4,VE,1670205445
281,tual,-5.6667,132.75,82.62,72,76,4.72,ID,1670205153
282,alibag,18.6411,72.8792,80.67,76,19,4.43,IN,1670205446
283,saint anthony,45.0205,-93.218,32.09,60,0,5.01,US,1670205442
284,wad madani,14.4012,33.5199,76.73,40,2,11.92,SD,1670205446
285,columbus,39.9612,-82.9988,31.66,66,0,3.44,US,1670205334
286,bilma,18.6853,12.9164,72.14,20,0,8.37,NE,1670205447
287,nome,64.5011,-165.4064,32.16,99,100,31.9,US,1670205220
288,morant bay,17.8815,-76.4093,82.02,79,15,14.36,JM,1670205447
289,shimoda,34.6667,138.95,53.96,79,99,15.66,JP,1670205448
290,nemuro,43.3236,145.575,28.89,46,34,18.95,JP,1670205448
291,biak,-0.9131,122.8766,81.88,72,100,1.16,ID,1670205449
292,kaitangata,-46.2817,169.8464,55.9,62,100,6.87,NZ,1670205449
293,luderitz,-26.6481,15.1594,59.27,72,0,16.71,NA,1670205375
294,angoche,-16.2325,39.9086,78.39,77,86,8.52,MZ,1670205450
295,esperance,-33.8667,121.9,64.29,73,100,12.21,AU,1670205450
296,pontianak,-0.0333,109.3333,78.78,83,20,6.91,ID,1670205451
297,peterhead,57.5058,-1.7981,39.6,69,100,15.32,GB,1670205451
298,sharjah,25.3573,55.4033,73.38,83,0,4.61,AE,1670205435
299,paita,-5.0892,-81.1144,66.56,85,80,10.07,PE,1670205452
300,ust-shonosha,61.1531,41.343,14.61,81,100,7.07,RU,1670205452
301,mangrol,21.1167,70.1167,68.9,36,0,13.53,IN,1670205452
302,srikakulam,18.3,83.9,71.74,83,5,5.08,IN,1670205453
303,nouakchott,18.0858,-15.9785,62.53,68,0,10.45,MR,1670205453
304,san carlos de bariloche,-41.1456,-71.3082,55.15,62,40,11.5,AR,1670205454
305,kawalu,-7.3817,108.2082,82.53,70,58,1.9,ID,1670205454
306,deputatskiy,69.3,139.9,-15.16,98,100,3.67,RU,1670205389
307,vila franca do campo,37.7167,-25.4333,57.61,78,91,3.76,PT,1670205438
308,puerto madero,14.7208,-92.4215,80.1,77,0,2.08,MX,1670205455
309,cidreira,-30.1811,-50.2056,71.55,94,72,3.69,BR,1670205455
310,torbay,47.6666,-52.7314,36.57,85,75,29.93,CA,1670205288
311,yerbogachen,61.2767,108.0108,8.2,89,100,13.49,RU,1670205388
312,balikpapan,-1.2675,116.8289,83.39,79,40,6.91,ID,1670205456
313,portland,45.5234,-122.6762,36.48,93,100,8.05,US,1670205166
314,tezu,27.9167,96.1667,68.95,32,0,1.66,IN,1670205457
315,dubti,11.7361,41.0853,71.78,61,13,5.95,ET,1670205457
316,pafos,34.7667,32.4167,55.18,82,40,8.05,CY,1670205458
317,vila,42.0304,-8.1588,34.68,95,39,4.81,PT,1670205458
318,college,64.8569,-147.8028,18.07,92,20,0.0,US,1670205428
319,talnakh,69.4865,88.3972,24.21,96,100,5.32,RU,1670205359
320,ancud,-41.8697,-73.8203,55.63,92,100,11.72,CL,1670205351
321,pangnirtung,66.1451,-65.7125,30.87,78,100,13.87,CA,1670205369
322,bafata,12.1667,-14.75,72.39,59,100,1.7,GW,1670205459
323,lasa,46.6166,10.7002,38.03,98,98,3.87,IT,1670205460
324,floro,61.5996,5.0328,38.97,69,100,8.05,NO,1670205460
325,muyezerskiy,63.9333,31.65,15.44,99,96,3.09,RU,1670205460
326,puerto escondido,15.85,-97.0667,77.31,63,2,4.09,MX,1670205357
327,khilok,51.3674,110.4676,4.08,85,99,13.78,RU,1670205461
328,kavaratti,10.5669,72.642,82.72,69,100,8.05,IN,1670205462
329,solaro,44.8799,9.1732,44.44,93,100,1.99,IT,1670205462
330,saint-philippe,-21.3585,55.7679,72.99,82,31,8.59,RE,1670205463
331,guaraciaba do norte,-4.1669,-40.7475,69.91,66,83,6.4,BR,1670205463
332,ixtapa,20.7,-105.2,78.22,87,37,1.28,MX,1670205463
333,dawlatabad,36.4141,64.9053,30.92,89,99,2.98,AF,1670205464
334,impfondo,1.6381,18.0667,70.95,96,96,4.16,CG,1670205464
335,taoudenni,22.6783,-3.9836,77.65,21,79,11.01,ML,1670205465
336,petropavlovsk-kamchatskiy,53.0452,158.6483,10.99,52,0,8.95,RU,1670205465
337,quesnel,52.9999,-122.5029,9.1,85,100,9.22,CA,1670205313
338,okakarara,-20.5833,17.4333,71.04,26,58,10.11,NA,1670205466
339,sinjar,36.3209,41.8754,51.22,68,0,1.52,IQ,1670205466
340,high level,58.5169,-117.136,6.91,61,40,2.3,CA,1670205308
341,norman wells,65.282,-126.8329,-21.96,76,20,4.61,CA,1670205310
342,poum,-20.2333,164.0167,80.67,82,99,19.28,NC,1670205467
343,tomakomai,42.6369,141.6033,26.74,63,40,2.3,JP,1670205467
344,gari,59.4307,62.3497,-0.54,100,99,2.77,RU,1670205468
345,port hardy,50.6996,-127.4199,28.58,100,20,3.44,CA,1670205468
346,hambantota,6.1241,81.1185,73.74,100,40,2.3,LK,1670205301
347,suez,29.9737,32.5263,60.35,85,0,9.53,EG,1670205469
348,vostok,46.4856,135.8833,0.19,81,97,8.3,RU,1670205308
349,issenye,-2.0,34.3333,59.81,81,100,4.65,TZ,1670205469
350,pitsunda,43.1592,40.3378,48.38,71,98,6.11,GE,1670205470
351,marzuq,14.4,46.4667,56.59,42,40,2.42,YE,1670205470
352,goderich,43.7501,-81.7165,37.9,60,100,21.85,CA,1670205470
353,tucumcari,35.1717,-103.725,59.02,60,100,18.9,US,1670205471
354,miahuatlan,18.5667,-97.4333,53.55,85,14,6.49,MX,1670205471
355,westport,41.1415,-73.3579,38.75,63,0,2.24,US,1670205472
356,nouadhibou,20.931,-17.0347,64.38,94,0,5.75,MR,1670205472
357,holland,42.7875,-86.1089,40.01,65,0,8.01,US,1670205279
358,khudumelapye,-23.8833,24.75,72.21,47,4,8.48,BW,1670205472
359,iralaya,15.0,-83.2333,77.47,81,11,14.07,HN,1670205473
360,tilbury,51.4625,0.3586,41.65,91,100,9.15,GB,1670205474
361,kudahuvadhoo,2.6708,72.8944,78.53,82,87,5.03,MV,1670205474
362,sungurlu,40.1675,34.3739,41.36,75,25,3.44,TR,1670205474
363,qazvin,36.2797,50.0049,31.62,93,75,0.0,IR,1670205475
364,ketchikan,55.3422,-131.6461,30.9,80,3,7.38,US,1670205362
365,zhigansk,66.7697,123.3711,-18.8,99,99,0.83,RU,1670205475
366,manggar,-2.8833,108.2667,81.19,78,100,1.07,ID,1670205476
367,potcoava,44.4833,24.65,37.8,90,100,10.65,RO,1670205476
368,ponta delgada,37.7333,-25.6667,57.92,82,40,5.75,PT,1670205476
369,vardo,70.3705,31.1107,26.58,80,100,14.97,NO,1670205477
370,buala,-8.145,159.5921,84.43,73,100,9.31,SB,1670205423
371,farnham,51.2143,-0.7959,40.19,80,100,8.05,GB,1670205478
372,alamosa,37.4695,-105.87,36.75,87,100,6.71,US,1670205478
373,wau,7.7029,27.9953,76.96,37,93,4.14,SS,1670205479
374,whitstable,51.3607,1.0257,43.14,86,100,3.0,GB,1670205479
375,fukue,32.6881,128.8419,52.16,71,75,17.27,JP,1670205479
376,hun,29.1268,15.9477,66.04,25,3,6.44,LY,1670205480
377,north platte,41.1239,-100.7654,43.32,36,30,1.99,US,1670205456
378,rio grande,-32.035,-52.0986,68.29,92,0,9.15,BR,1670205221
379,umm lajj,25.0213,37.2685,73.81,69,100,4.52,SA,1670205481
380,joshimath,30.5667,79.5667,46.36,18,1,7.4,IN,1670205481
381,acapulco,16.8634,-99.8901,78.64,78,0,6.17,MX,1670205361
382,ouadda,8.0777,22.4007,74.88,31,93,7.09,CF,1670205482
383,mayo,38.8876,-76.5119,37.51,93,0,0.0,US,1670205482
384,buchanan,5.8808,-10.0467,76.93,88,79,4.21,LR,1670205482
385,mnogovershinnyy,53.9353,139.9242,-10.8,79,100,7.94,RU,1670205483
386,steinbach,50.1667,8.5667,37.6,93,75,1.14,DE,1670205483
387,yuli,9.6989,10.2744,72.72,27,18,5.88,NG,1670205484
388,atkarsk,51.8718,45.0078,12.15,70,11,5.46,RU,1670205484
389,kirakira,-10.4544,161.9205,82.78,79,100,9.44,SB,1670205395
390,nacogdoches,31.6002,-94.6335,63.57,90,100,2.33,US,1670205485
391,hede,33.7681,120.2517,46.13,49,94,9.66,CN,1670205485
392,wattegama,6.7989,81.4808,74.59,88,100,2.71,LK,1670205485
393,vidim,56.4088,103.1106,1.87,94,100,11.25,RU,1670205486
394,verkhniy baskunchak,48.2256,46.7217,15.06,55,0,7.49,RU,1670205486
395,lorengau,-2.0226,147.2712,83.3,72,82,4.81,PG,1670205487
396,beckley,37.7782,-81.1882,30.31,85,8,3.22,US,1670205487
397,anloga,5.7947,0.8973,80.69,82,33,10.11,GH,1670205487
398,leland,34.2563,-78.0447,50.04,74,100,4.0,US,1670205353
399,yarada,17.65,83.2667,71.92,100,20,2.3,IN,1670205488
400,dancheng,33.6333,115.1833,41.29,38,6,4.5,CN,1670205488
401,bozhou,33.8772,115.7703,41.11,35,6,4.94,CN,1670205489
402,yining,29.0361,114.5636,41.94,89,100,2.98,CN,1670205489
403,zyryanovsk,49.7386,84.2719,3.63,98,100,0.96,KZ,1670205490
404,margate,51.3813,1.3862,42.87,84,100,4.0,GB,1670205403
405,sao filipe,14.8961,-24.4956,71.65,65,94,3.94,CV,1670205457
406,gogrial,8.5332,28.1004,75.52,39,33,5.17,SS,1670205490
407,guerrero negro,27.9769,-114.0611,64.18,81,100,11.43,MX,1670205292
408,lermontovka,47.1453,134.3383,7.05,71,13,9.28,RU,1670205491
409,takoradi,4.8845,-1.7554,79.03,85,38,7.81,GH,1670205491
410,brae,60.3964,-1.353,42.1,73,97,9.42,GB,1670205492
411,cherskiy,68.75,161.3,-27.11,95,5,4.74,RU,1670205492
412,vung tau,10.346,107.0843,80.89,77,93,7.96,VN,1670205300
413,charters towers,-20.1,146.2667,87.8,26,0,5.73,AU,1670205493
414,muros,42.7762,-9.0603,46.69,93,27,6.69,ES,1670205394
415,severo-yeniseyskiy,60.3725,93.0408,-6.93,99,100,4.32,RU,1670205493
416,mbigou,-1.9005,11.906,67.69,97,99,2.48,GA,1670205494
417,cayenne,4.9333,-52.3333,75.24,94,0,0.0,GF,1670205419
418,azle,32.8951,-97.5459,53.94,85,100,10.36,US,1670205280
419,barber,12.2833,-69.0667,78.78,65,20,6.91,CW,1670205298
420,marion,39.7684,-86.1555,33.33,62,0,5.75,US,1670205495
421,kysyl-syr,63.8986,122.7617,-13.0,99,100,7.16,RU,1670205495
422,linxia,35.6003,103.2064,26.26,46,0,0.94,CN,1670205496
423,noumea,-22.2763,166.4572,87.78,99,100,2.62,NC,1670205496
424,gunjur,13.2019,-16.7339,69.87,94,0,3.44,GM,1670205497
425,tumpat,6.1978,102.171,82.09,94,40,0.0,MY,1670205497
426,orichi,58.4036,49.0572,-0.99,97,63,2.8,RU,1670205498
427,tura,25.5198,90.2201,65.3,75,0,2.44,IN,1670205387
428,sulmona,42.0479,13.9291,48.22,81,32,6.02,IT,1670205498
429,sandviken,60.6167,16.7667,16.56,88,95,2.82,SE,1670205499
430,lodja,-3.4833,23.4333,66.16,99,100,1.79,CD,1670205499
431,leh,34.1667,77.5833,14.22,47,2,1.14,IN,1670205500
432,rawlins,41.7911,-107.2387,37.35,81,20,24.96,US,1670205500
433,caravelas,-17.7125,-39.2481,73.56,75,100,6.58,BR,1670205500
434,saint-georges,12.0564,-61.7485,74.88,94,20,0.0,GD,1670205501
435,muroto,33.2833,134.15,57.36,60,69,1.66,JP,1670205501
436,smithers,54.7804,-127.1743,8.92,72,20,3.44,CA,1670205502
437,wainwright,52.839,-110.8572,14.2,85,100,13.58,CA,1670205502
438,russell,32.3502,-85.1999,59.2,86,97,3.29,US,1670205503
439,maltahohe,-24.8333,16.9833,64.44,23,2,9.13,NA,1670205462
440,algiers,36.7525,3.042,60.62,39,0,6.91,DZ,1670205300
441,santa cruz,-17.8,-63.1667,80.06,65,75,2.3,BO,1670205504
442,sebaco,12.8532,-86.0963,68.85,82,1,6.64,NI,1670205504
443,boa vista,2.8197,-60.6733,71.58,100,20,3.44,BR,1670205504
444,wyndham,37.6985,-77.6125,39.87,76,0,3.56,US,1670205505
445,bandarbeyla,9.4942,50.8122,75.04,74,100,15.21,SO,1670205505
446,iracoubo,5.4802,-53.2011,75.52,89,100,3.65,GF,1670205506
447,san patricio,28.017,-97.5169,67.15,83,100,6.98,US,1670205506
448,betanzos,43.2804,-8.2147,50.11,82,0,4.61,ES,1670205507
449,buin,-33.7333,-70.75,78.73,45,0,2.53,CL,1670205381
450,velten,52.6833,13.1833,38.01,97,100,1.01,DE,1670205507
451,kanlagay,5.8757,121.2915,84.54,69,15,7.25,PH,1670205508
452,prainha,-1.8,-53.48,73.65,97,100,1.54,BR,1670205508
453,hasaki,35.7333,140.8333,48.6,76,100,20.11,JP,1670205509
454,nantucket,41.2835,-70.0995,38.14,64,99,6.15,US,1670205367
455,vao,-22.6667,167.4833,77.41,88,96,20.15,NC,1670205348
456,miles city,46.4083,-105.8406,23.99,80,100,8.43,US,1670205379
457,cabinda,-5.55,12.2,77.11,87,100,3.58,AO,1670205510
458,suntar,62.1444,117.6319,-7.92,88,100,13.06,RU,1670205510
459,ugra,54.7777,34.3267,13.98,83,100,5.75,RU,1670205511
460,uberaba,-19.7483,-47.9319,70.38,94,100,4.61,BR,1670205511
461,cubuk,40.2386,33.0322,38.77,93,40,0.0,TR,1670205512
462,maine-soroa,13.2114,12.0241,70.38,19,0,10.56,NE,1670205512
463,nisia floresta,-6.0911,-35.2086,77.38,78,14,7.92,BR,1670205512
464,axim,4.8699,-2.2405,78.15,87,90,6.67,GH,1670205513
465,west wendover,40.7391,-114.0733,33.22,85,16,5.93,US,1670205513
466,lander,42.833,-108.7307,41.59,80,8,7.0,US,1670205233
467,baykit,61.67,96.37,3.25,93,100,7.65,RU,1670205514
468,wahpeton,46.2652,-96.6059,29.93,86,0,8.05,US,1670205514
469,waingapu,-9.6567,120.2641,85.12,63,98,5.7,ID,1670205515
470,eydhafushi,5.1033,73.0708,79.47,79,100,11.59,MV,1670205515
471,los llanos de aridane,28.6585,-17.9182,67.75,89,100,8.01,ES,1670205515
472,narsaq,60.9167,-46.05,19.49,62,100,7.94,GL,1670205516
473,angleton,29.1694,-95.4319,67.12,100,100,5.75,US,1670205516
474,nova odesa,47.3078,31.7851,24.15,60,67,12.5,UA,1670205516
475,katherine,-14.4667,132.2667,93.52,40,26,10.36,AU,1670205517
476,tadepallegudem,16.8333,81.5,75.54,86,3,5.17,IN,1670205517
477,teresina,-5.0892,-42.8019,82.11,65,0,4.61,BR,1670205518
478,ekibastuz,51.6667,75.3667,-11.67,90,47,6.24,KZ,1670205518
479,kayerkan,69.3497,87.7602,23.52,100,100,9.53,RU,1670205519
480,turbat,26.0023,63.044,64.6,39,0,2.55,PK,1670205519
481,potiskum,11.7091,11.0694,68.92,27,0,9.93,NG,1670205519
482,williams lake,52.1415,-122.1445,9.97,85,100,8.05,CA,1670205520
483,oktyabrskoye,43.0645,44.7417,24.94,100,97,11.18,RU,1670205520
484,ndele,8.4109,20.6473,74.28,32,43,5.93,CF,1670205521
485,cockburn town,21.4612,-71.1419,75.16,57,40,6.91,TC,1670205380
486,antalaha,-14.9003,50.2788,73.44,85,77,5.66,MG,1670205521
487,marathon,44.9,-89.7668,29.66,62,0,13.8,US,1670205521
488,multan,30.1956,71.4753,51.69,93,0,0.0,PK,1670205366
489,along,28.1667,94.7667,60.93,56,0,1.32,IN,1670205522
490,meulaboh,4.1363,96.1285,77.25,89,99,6.98,ID,1670205368
491,hofn,64.2539,-15.2082,40.87,46,64,11.97,IS,1670205523
492,aldama,22.9167,-98.0667,67.8,89,0,3.11,MX,1670205523
493,rio claro,-22.4114,-47.5614,68.18,85,100,4.38,BR,1670205524
494,cochrane,51.1834,-114.4687,24.04,82,100,9.22,CA,1670205524
495,francistown,-21.17,27.5079,73.18,55,17,7.67,BW,1670205525
496,uvira,-3.4067,29.1458,72.09,78,100,3.85,CD,1670205525
497,vestmannaeyjar,63.4427,-20.2734,38.32,66,95,13.58,IS,1670205394
498,tornio,65.8481,24.1466,26.62,87,100,5.93,FI,1670205526
499,bathsheba,13.2167,-59.5167,75.81,95,20,5.75,BB,1670205344
500,torit,4.4133,32.5678,71.87,74,78,3.53,SS,1670205526
501,lake city,30.1897,-82.6393,63.86,100,75,0.0,US,1670205527
502,tomatlan,19.9333,-105.25,73.54,88,98,1.23,MX,1670205527
503,luwingu,-10.2621,29.9271,62.56,89,100,1.54,ZM,1670205527
504,brigantine,39.4101,-74.3646,38.01,71,0,1.99,US,1670205528
505,port hedland,-20.3167,118.5667,105.85,14,12,13.8,AU,1670205528
506,teguise,29.0605,-13.564,64.62,88,75,19.57,ES,1670205528
507,rozkishne,48.5074,39.3004,17.13,61,8,11.52,UA,1670205529
508,aloleng,16.1307,119.7824,84.9,63,100,6.24,PH,1670205529
509,tukrah,32.5341,20.5791,62.91,52,82,8.72,LY,1670205530
510,gat,31.61,34.7642,60.4,71,3,3.15,IL,1670205530
511,anderson,34.5334,-82.6499,51.76,96,100,5.48,US,1670205531
512,fort myers beach,26.452,-81.9481,72.0,87,92,5.39,US,1670205308
513,asyut,27.181,31.1837,57.38,86,0,10.4,EG,1670205531
514,solnechnyy,50.7214,136.6319,-0.44,65,16,4.83,RU,1670205531
515,verkhnyaya maksakovka,61.635,50.9674,6.82,92,75,2.24,RU,1670205532
516,kuznechikha,57.2161,42.3348,2.25,95,70,4.34,RU,1670205532
517,abu dhabi,24.4667,54.3667,73.96,82,0,3.44,AE,1670205533
518,guayaramerin,-10.8368,-65.3614,76.98,74,31,1.36,BO,1670205533
519,paamiut,61.994,-49.6678,25.7,74,58,20.42,GL,1670205436
520,srednekolymsk,67.45,153.6833,-47.11,100,63,2.95,RU,1670205534
521,seoul,37.5683,126.9778,27.79,31,0,6.91,KR,1670205534
522,sibolga,1.7427,98.7792,75.4,94,100,0.38,ID,1670205534
523,nortelandia,-14.4547,-56.8028,71.74,94,97,2.82,BR,1670205535
524,northam,51.0333,-4.2167,40.39,74,100,12.39,GB,1670205535
525,talara,-4.5772,-81.2719,72.36,68,0,5.75,PE,1670205536
526,inhambane,-23.865,35.3833,76.12,89,2,7.85,MZ,1670205275
527,bako,5.7833,36.5667,64.0,64,88,3.18,ET,1670205536
528,troitsko-pechorsk,62.7084,56.1964,-6.25,100,97,2.59,RU,1670205537
529,kalianget,-7.05,113.9333,84.27,71,100,6.26,ID,1670205537
530,dzilam gonzalez,21.2833,-88.9333,74.86,74,0,7.4,MX,1670205537
531,egvekinot,66.3167,-179.1667,21.92,98,100,2.01,RU,1670205538
532,adelaide,-34.9333,138.6,73.04,49,75,18.41,AU,1670205301
533,taft,31.7471,54.2088,39.15,65,40,4.61,IR,1670205538
534,hualmay,-11.0964,-77.6139,66.92,82,0,6.67,PE,1670205368
535,sangod,24.9167,76.2833,59.7,42,40,3.06,IN,1670205539
536,tonantins,-2.8731,-67.8022,75.88,88,91,2.17,BR,1670205540
537,morro bay,35.3658,-120.8499,57.25,92,25,3.85,US,1670205497
538,bwanga,-3.0308,31.7601,64.87,88,100,2.42,TZ,1670205540
539,bilibino,68.0546,166.4372,-22.18,99,91,4.54,RU,1670205326
540,qasigiannguit,68.8193,-51.1922,34.38,77,100,6.82,GL,1670205541
541,vila velha,-20.3297,-40.2925,71.94,95,20,3.44,BR,1670205414
542,hami,42.8,93.45,23.38,43,70,3.58,CN,1670205541
543,sioux lookout,50.1001,-91.917,15.87,79,100,6.91,CA,1670205355
544,okhotsk,59.3833,143.3,-22.95,84,12,13.15,RU,1670205542
545,nizhniy baskunchak,48.2198,46.8311,15.62,54,0,7.4,RU,1670205542
546,springfield,37.2153,-93.2982,41.16,66,100,4.0,US,1670205461
547,nara,34.6851,135.8049,55.49,37,84,3.8,JP,1670205262
548,midland,31.9974,-102.0779,57.69,59,0,5.75,US,1670205543
549,pedernales,18.0384,-71.744,75.79,74,0,4.97,DO,1670205544
550,darhan,49.4867,105.9228,-7.08,87,5,5.19,MN,1670205544
551,hamilton,39.1834,-84.5333,34.93,59,2,3.56,US,1670205504
552,lata,40.1629,-8.3327,51.93,78,100,10.25,PT,1670205545
553,ambon,-3.6954,128.1814,84.34,79,40,5.75,ID,1670205545
554,solhan,38.9634,41.0293,36.95,73,20,4.23,TR,1670205545
555,mimoso do sul,-21.0642,-41.3664,69.76,98,100,2.68,BR,1670205546
556,iquique,-20.2208,-70.1431,66.24,72,0,1.57,CL,1670205546
557,ushibuka,32.1906,130.0228,54.37,68,100,16.62,JP,1670205547
558,ekhabi,53.5102,142.9671,-4.86,80,49,19.04,RU,1670205371
559,pastavy,55.1168,26.8326,20.57,86,100,10.31,BY,1670205547
560,townsville,-19.25,146.8,85.08,58,20,10.36,AU,1670205313
561,ailigandi,9.2333,-78.0167,79.41,82,100,9.17,PA,1670205548
562,atbasar,51.8,68.3333,-2.54,99,98,4.18,KZ,1670205548
563,aksarka,66.5606,67.7975,7.2,93,50,5.06,RU,1670205514
564,altamont,42.2068,-121.7372,32.9,85,62,1.01,US,1670205549
565,bodden town,19.2833,-81.25,80.92,68,20,12.66,KY,1670205549
566,latehar,23.75,84.5,58.75,54,13,1.72,IN,1670205550
567,marawi,7.9986,124.2928,78.46,73,100,4.88,PH,1670205447
568,saint-jovite,46.1186,-74.5966,28.56,80,100,4.61,CA,1670205550
569,alugan,12.2188,125.4808,82.69,80,100,11.41,PH,1670205551
570,laguna,38.421,-121.4238,53.69,92,75,8.05,US,1670205288
571,namatanai,-3.6667,152.4333,82.54,75,99,6.49,PG,1670205551
572,rawson,-43.3002,-65.1023,66.29,43,27,19.19,AR,1670205406
573,port-cartier,50.0334,-66.8654,17.82,90,16,8.23,CA,1670205552
